{
    "Independent Variable Order": [
        "CL",
        "Cm",
        "pbar"
    ],
    "Nvec": [
        3,
        5,
        6
    ],
    "coefficients": [
        -3.5596624698904002,
        0.0,
        -11.579499971174696,
        0.0,
        316.81449702539345,
        0.0,
        98.89721596128204,
        -83.52141393410004,
        0.0,
        674.0087599615503,
        0.0,
        -27794.055037626735,
        0.0,
        562142.8518236646,
        -60.22092302192861,
        0.0,
        7210.510569866224,
        0.0,
        -46776.10098053159,
        0.0,
        -384524.8971351172,
        6089.508206181773,
        0.0,
        -380029.7051918587,
        0.0,
        22710191.834600653,
        0.0,
        -376096843.388388,
        1112.0381265989574,
        0.0,
        -436332.71790872724,
        0.0,
        6448988.5110803535,
        0.0,
        -73292175.06366426,
        -334870.1140187876,
        0.0,
        35198858.27390118,
        0.0,
        -2074890813.1289907,
        0.0,
        33096118592.903908,
        -12.088493448679543,
        0.0,
        -79.66808538928365,
        0.0,
        4726.740456211378,
        0.0,
        -38007.01437020009,
        98.88211835448392,
        0.0,
        -4289.1831916909705,
        0.0,
        402502.28288028395,
        0.0,
        -6854845.036752616,
        2067.851149928302,
        0.0,
        -34546.52356546059,
        0.0,
        1241421.652743158,
        0.0,
        -30529766.745973755,
        -42618.3563953584,
        0.0,
        4021235.389196738,
        0.0,
        -240540496.95119873,
        0.0,
        3636477657.0843287,
        -108302.44260839195,
        0.0,
        7108279.977475538,
        0.0,
        -352133263.54541904,
        0.0,
        6106180690.523193,
        3039218.9444795502,
        0.0,
        -364826741.90401757,
        0.0,
        20535979546.981464,
        0.0,
        -303594384049.72955,
        7.01932686604348,
        0.0,
        396.08504690193627,
        0.0,
        -10424.143101027506,
        0.0,
        33755.89265986712,
        -64.35427395870454,
        0.0,
        14506.639950068698,
        0.0,
        -1000040.2460669752,
        0.0,
        14001667.36204233,
        -4413.190285810634,
        0.0,
        117078.36284947023,
        0.0,
        -8463899.697799262,
        0.0,
        172862280.59918016,
        79524.50102027348,
        0.0,
        -8867324.728121905,
        0.0,
        486390264.9528525,
        0.0,
        -6566980942.3480425,
        316246.0541918273,
        0.0,
        -25728136.293201156,
        0.0,
        1532181113.5543978,
        0.0,
        -26381985788.61918,
        -6462340.52423395,
        0.0,
        778495934.3429815,
        0.0,
        -40133178070.31751,
        0.0,
        531777404394.33826,
        -2.418620832865992,
        0.0,
        -192.12153096103702,
        0.0,
        2537.29787942716,
        0.0,
        36289.542969827926,
        21.57673026546867,
        0.0,
        -10041.699317476725,
        0.0,
        544394.6586132088,
        0.0,
        -6033448.985545704,
        2624.25922989347,
        0.0,
        -123271.57185768045,
        0.0,
        9130001.479429388,
        0.0,
        -169994324.78890026,
        -43695.37110733904,
        0.0,
        4875948.309705535,
        0.0,
        -232030624.0025593,
        0.0,
        2537377839.8484263,
        -223381.05871152907,
        0.0,
        22226751.335373715,
        0.0,
        -1384490128.5611303,
        0.0,
        23434721562.096386,
        3827649.343041294,
        0.0,
        -423063690.163149,
        0.0,
        18805920201.38544,
        0.0,
        -200500905923.75162
    ],
    "R2": 0.9998209033453794,
    "RMS": 0.04568442106776552,
    "RMSN": 0.006460553136516406,
    "Syx": 0.0466890543427359,
    "ybar": -6.996915207725842,
    "St": 26278.18247236213,
    "Sr": 4.706334570309505,
    "settings": {
        "Nvec": [
            3,
            5,
            6
        ],
        "sym": [
            false,
            false,
            true
        ]
    },
    "DOF": 96
}