{
    "Independent Variable Order": [
        "CL",
        "Cm",
        "pbar"
    ],
    "Nvec": [
        5,
        5,
        6
    ],
    "coefficients": [
        -1.8309176792082187,
        -69.27896474183468,
        -17.369684266673733,
        456.2246532682661,
        -5886.139707073768,
        -35465.56401582857,
        182821.0945785001,
        5.928394884843678,
        -662.2803657681984,
        654.6596819767626,
        4803.775636121241,
        -11090.12649667824,
        -211453.7756933044,
        -370831.1839404765,
        499.9757867152489,
        2503.9593496420594,
        -27360.632704749416,
        -369329.12339674507,
        -477413.05250419717,
        -5421008.3256512135,
        -15024642.929720856,
        -7562.930407890089,
        -28646.093824977583,
        -538795.2749310123,
        -3520444.496339265,
        40399102.51626536,
        114375629.80082902,
        -1185310419.9606235,
        -40591.30767637436,
        -367482.1605509175,
        157119.71138012264,
        -10442991.950488687,
        25753488.287681624,
        462736666.3718097,
        2113486880.4637256,
        -176464.6227818471,
        -7711339.686421867,
        68372350.33771567,
        202938710.37463182,
        -5421309428.605212,
        -1109692205.7684023,
        13122276848.625332,
        32.72175985202429,
        -17.35685805492752,
        310.5504229138564,
        12755.889150440651,
        105215.93117640169,
        340125.0186273191,
        -3267966.3942238935,
        -112.85581460816226,
        13349.06112801871,
        -8235.983710145785,
        -235741.822497205,
        -50152.41697601818,
        4982721.631923165,
        10982074.47156742,
        -8933.295991168641,
        48040.147889620384,
        488779.8297002533,
        -1738376.8846977376,
        8536506.60783663,
        244793104.03491184,
        268588838.27655745,
        138080.68272543518,
        531947.0560427135,
        8187586.104470436,
        24086065.04638568,
        -618741764.4731416,
        -920079925.9459931,
        19373895275.04008,
        724981.168585688,
        1288192.7737100902,
        -2740335.5903620436,
        726681636.8546537,
        -462813834.08255106,
        -17636157631.80459,
        -37748883778.526024,
        2921228.830129169,
        103050382.97557583,
        -1107797070.428184,
        1605443904.891926,
        88721092262.2714,
        -95438962570.5589,
        -91261704428.07343,
        -184.03009904088972,
        248.3438828553332,
        -1749.171848622729,
        -86585.13034002548,
        -591720.7784143091,
        -1701875.625179526,
        18380381.58989476,
        714.2735244924363,
        -60873.79328588541,
        6137.983701365675,
        257160.13250752795,
        3170004.7140956935,
        -11186874.11053067,
        -112469780.1245383,
        50227.21371638559,
        -296027.1153815394,
        -2746712.8469373113,
        10118132.424969409,
        -48115139.4013223,
        -1349060755.0244458,
        -1509574551.4919047,
        -809923.6140027469,
        -5153880.064049741,
        -29351235.065504547,
        32079748.558126077,
        2280834778.180667,
        3010775036.4913526,
        -87918284968.24507,
        -4074891.5752787357,
        -11561544.417217208,
        14990239.11675029,
        -3543318560.856325,
        2621621083.907444,
        86433604500.27736,
        212089807420.1385,
        -13788565.241349073,
        -493170877.3216278,
        4910552938.703788,
        -13689644617.391981,
        -404248016139.43835,
        545208011288.9481,
        -1150060148476.9766,
        445.5039191954101,
        52.33084418838817,
        4240.895039726424,
        163436.43951750465,
        1432393.035831151,
        4855058.054407897,
        -44498261.95924527,
        -1934.2536737346504,
        138469.43740732537,
        88889.16950672543,
        -92266.82133384743,
        -15133583.766715547,
        21558701.123297207,
        403261953.90073323,
        -121563.69398770106,
        352721.52178378345,
        6645301.193033981,
        5819589.319840381,
        116653579.37181206,
        2749092001.1407013,
        3653151038.4311504,
        2046446.3644289933,
        11453703.950645313,
        27966771.779601946,
        118633521.5371085,
        -2425308522.0543966,
        -12442637807.744736,
        158485901707.92493,
        9860119.5362775,
        58441798.43623245,
        -35556352.79341518,
        6033884716.543749,
        -6376997029.034786,
        -165282862669.48068,
        -513119985962.66705,
        26600274.804188263,
        1387805595.4970949,
        -8483576428.261389,
        7159646232.778612,
        734088871450.0542,
        -718551705694.63,
        7078702562077.466,
        -484.2032717571374,
        -723.3158024682405,
        -4614.409394424497,
        -127817.04090819637,
        -1556871.4928013224,
        -6063938.757860267,
        48368418.151664555,
        2301.909879604701,
        -159935.60644184393,
        -197639.00441974326,
        872354.3913157097,
        23713370.153332803,
        -35698490.09008388,
        -565878271.3065821,
        132100.42100357363,
        -47522.068978904084,
        -7219834.5961085195,
        -31762888.819509923,
        -126871231.93826172,
        -2582497504.5274568,
        -3970748503.230347,
        -2307590.0911968797,
        -8179938.136243371,
        11553417.150355494,
        -529916084.7251532,
        -379330323.48113954,
        20685116235.13301,
        -119318924182.39851,
        -10712963.64402989,
        -86921868.26093936,
        38114085.869525805,
        -4869984512.643664,
        6949066620.07364,
        153588777174.9085,
        557574396763.2871,
        -22326463.243436415,
        -1839100105.0559516,
        5907203394.495935,
        24489038382.08275,
        -559748606411.2861,
        186211423480.26944,
        -11875991014418.627,
        193.66843751767203,
        443.86813850311864,
        1846.828984055417,
        38951.02656011974,
        622770.0635480196,
        2624871.401176976,
        -19348560.26809711,
        -987.4442965484596,
        69748.58318115752,
        112839.53604391753,
        -747002.3239925477,
        -11914848.733011862,
        19464621.3718541,
        269014279.7750604,
        -52829.49766013455,
        -53809.13178619683,
        2887201.6612040317,
        17863542.262681987,
        50742781.72974032,
        952113223.7455527,
        1588827984.9757764,
        950831.473761613,
        1537329.5884090932,
        -18650776.423631247,
        345002991.0221802,
        1160374641.228406,
        -10167425169.161036,
        30016269609.794445,
        4283783.3033258235,
        39111158.14172516,
        -15118855.1226986,
        1692553603.8062584,
        -2781617453.424704,
        -58008294514.56285,
        -223041341958.73517,
        6730989.924024048,
        849351641.4963229,
        -1254670975.3570857,
        -18903724011.128006,
        144232729324.82733,
        59224977938.08982,
        6149250251063.183
    ],
    "R2": 0.9989017012610579,
    "RMS": 0.2065134660612473,
    "RMSN": 0.037979447864566356,
    "Syx": 0.21911957368184723,
    "ybar": 2.1815745785034908e-05,
    "St": 87563.43961240843,
    "Sr": 96.1708153037405,
    "settings": {
        "Nvec": [
            5,
            5,
            6
        ]
    },
    "DOF": 252
}