{
    "Independent Variable Order": [
        "CL",
        "Cm",
        "pbar"
    ],
    "Nvec": [
        3,
        5,
        5
    ],
    "coefficients": [
        0.7562436957263501,
        0.0009884518834455598,
        9.22272604590609,
        -0.15327323045022684,
        -166.65629043346502,
        4.3536980901090905,
        54.74353687119945,
        0.09758008460843069,
        -956.7904488883753,
        -13.058637022207412,
        11762.845212964216,
        315.5767570068937,
        48.37435167550874,
        0.12353433376039388,
        -5957.876707508026,
        -23.178658490153246,
        105249.57423354784,
        273.5482839618276,
        -2213.3400264014217,
        -23.89289293672732,
        129762.81733567947,
        2691.6900097865996,
        -2623418.0836407323,
        -70186.20752884378,
        -3590.2573027951144,
        -65.71485802200934,
        435900.2696708208,
        7726.6277958147975,
        -7466806.899889982,
        -143545.4479843727,
        119848.43666210605,
        884.6410312505307,
        -8748845.102839118,
        -80583.85159679917,
        196425944.87502003,
        2633045.702869268,
        15.848692590721782,
        -0.015856732647414457,
        -142.11510159622298,
        2.016497876812639,
        1673.0608914542695,
        -51.357945929597186,
        -6.779946357226857,
        -0.9197092028990046,
        -1884.944171133366,
        91.95997700005476,
        23673.313883255592,
        -2010.2141019033043,
        -1148.612141742688,
        2.8951914934890377,
        71282.43145304306,
        -300.1357679432594,
        -1200701.4265685105,
        8030.245898633537,
        10583.328234647848,
        152.29927413026152,
        -668623.261935796,
        -12068.632939164332,
        18832995.762541067,
        318685.824301968,
        75690.86508626578,
        133.94974546337266,
        -5757188.275452446,
        -16446.358953639097,
        105368696.59548363,
        209305.17044679527,
        -958711.6052975911,
        -2895.861563057467,
        81734604.34144098,
        -75998.63057275643,
        -2058202761.8641722,
        -3667324.3137031025,
        -1.3592196843495654,
        0.04022680542744372,
        -187.36612657669036,
        -5.236264386047676,
        3038.7599838860096,
        134.18462853985207,
        -69.81104241311333,
        2.2100432656234994,
        7794.373246676407,
        -196.57941303732767,
        -102018.84554209164,
        3949.8755250329937,
        1983.9188938133923,
        -7.487707959486662,
        -98305.41533868058,
        1035.0282734001526,
        1740149.5404128043,
        -28887.45311638851,
        -13147.200263238607,
        -333.7457115473173,
        1142296.221649573,
        22401.23891226697,
        -40544963.60367786,
        -523714.51863494783,
        -180325.78724190494,
        -212.42822775395024,
        12635767.260440744,
        5771.792501534914,
        -241188235.75859907,
        480262.63023368263,
        1887322.7762873864,
        6190.21302152909,
        -188421238.7936819,
        344622.68354425154,
        5084127535.461344,
        -1830392.4093419812,
        0.4801133834993475,
        -0.025361166324617577,
        255.9763215746407,
        3.435939675978812,
        -4183.441624523664,
        -90.09628589568726,
        45.54455456313923,
        -1.472654444126518,
        -4152.5853670684455,
        123.82502933139874,
        50836.09373382124,
        -2337.254078448222,
        -924.7337208106142,
        4.318137820161429,
        34512.29107856057,
        -704.0739530575022,
        -664107.8622125996,
        21058.128904682188,
        5088.45528720494,
        220.9271999516178,
        -685426.2972237357,
        -14344.73968197978,
        26681126.258645188,
        291633.7228559897,
        110911.86893079137,
        192.00834393392898,
        -7639883.788948444,
        -2516.846173445936,
        153663455.57437423,
        -491117.8490228646,
        -1082328.1620521666,
        -5007.427419790687,
        122633801.72290434,
        -107534.77780198908,
        -3419083517.474991,
        2049434.005024695
    ],
    "R2": 0.9999640029104558,
    "RMS": 0.027410071058317637,
    "RMSN": 0.0035661197019911375,
    "Syx": 0.028329526636178846,
    "ybar": 7.564656990175598,
    "St": 47065.153631351546,
    "Sr": 1.69420854967666,
    "settings": {
        "Nvec": [
            3,
            5,
            5
        ]
    },
    "DOF": 144
}