{
    "Independent Variable Order": [
        "CL",
        "Cm",
        "pbar"
    ],
    "Nvec": [
        3,
        5,
        6
    ],
    "coefficients": [
        -2.40349487694316,
        0.0,
        -35.646869677811814,
        0.0,
        1215.397401983598,
        0.0,
        -16781.271177833765,
        -50.986762096074294,
        0.0,
        2430.2759334333446,
        0.0,
        -58483.723338037074,
        0.0,
        590236.8117120188,
        -185.80031268546813,
        0.0,
        27330.449515873952,
        0.0,
        -1207738.5327486491,
        0.0,
        15773340.578419339,
        3968.449725508684,
        0.0,
        -406290.9024030639,
        0.0,
        16571764.737141494,
        0.0,
        -223674572.60875612,
        13825.36935679683,
        0.0,
        -2366967.702823756,
        0.0,
        101628282.23287171,
        0.0,
        -1311919870.9819891,
        -221853.21206112925,
        0.0,
        27279018.35269252,
        0.0,
        -1233469163.2041078,
        0.0,
        17530270587.01074,
        -1.5384679856077887,
        0.0,
        588.2362877531133,
        0.0,
        -19869.77329050064,
        0.0,
        239561.8509652813,
        -35.30042470994657,
        0.0,
        11191.748610887926,
        0.0,
        -462116.5602177857,
        0.0,
        5322227.088197676,
        2885.568068576795,
        0.0,
        -362505.71314156085,
        0.0,
        14574928.572761586,
        0.0,
        -184623342.42515633,
        -8565.658743683238,
        0.0,
        61326.73132283334,
        0.0,
        -9838921.807793558,
        0.0,
        330762613.4025522,
        -218443.98453580152,
        0.0,
        30138148.83762356,
        0.0,
        -1238406046.0079443,
        0.0,
        15816730183.604315,
        1234154.9220253073,
        0.0,
        -127212256.80885683,
        0.0,
        6187200239.529093,
        0.0,
        -96214519371.12115,
        5.023743339089279,
        0.0,
        -6.07452885494014,
        0.0,
        9355.370099985257,
        0.0,
        -192401.59042085728,
        274.8794121031431,
        0.0,
        -50996.635939634936,
        0.0,
        2047839.179667984,
        0.0,
        -24321655.15343999,
        -5008.5289211510335,
        0.0,
        597179.3272765244,
        0.0,
        -25066823.594870143,
        0.0,
        332898481.95350575,
        -15812.196183418617,
        0.0,
        4348630.826294181,
        0.0,
        -155402059.108214,
        0.0,
        1459439831.1136909,
        490779.8096456701,
        0.0,
        -63660894.350772746,
        0.0,
        2624015815.012523,
        0.0,
        -34010029001.40555,
        -1427863.5175293,
        0.0,
        108758292.09048726,
        0.0,
        -6881457393.404408,
        0.0,
        128661056147.64455,
        -2.230357487139216,
        0.0,
        -501.77672241542126,
        0.0,
        12722.352806611058,
        0.0,
        -89260.05694670377,
        -197.92488314894157,
        0.0,
        36005.41213633736,
        0.0,
        -1504594.5267913276,
        0.0,
        18455020.46592987,
        2227.2202727526656,
        0.0,
        -232971.360027451,
        0.0,
        10292282.331996048,
        0.0,
        -146166629.90243524,
        22018.058106238568,
        0.0,
        -4187325.954319172,
        0.0,
        155439220.65374655,
        0.0,
        -1645076375.685568,
        -284852.4209758696,
        0.0,
        35293726.28931612,
        0.0,
        -1460777774.9558878,
        0.0,
        19201550939.30267,
        333156.6173112817,
        0.0,
        -1994804.4857023775,
        0.0,
        1872308059.1595848,
        0.0,
        -51716483322.206375
    ],
    "R2": 0.9998941509054582,
    "RMS": 0.020302433402493797,
    "RMSN": 0.011690991930607273,
    "Syx": 0.020748898514282355,
    "ybar": -0.7425351362886766,
    "St": 8781.234763268787,
    "Sr": 0.9294857486513791,
    "settings": {
        "Nvec": [
            3,
            5,
            6
        ],
        "sym": [
            false,
            false,
            true
        ]
    },
    "DOF": 96
}