{
    "Independent Variable Order": [
        "CL",
        "Cm",
        "pbar"
    ],
    "Nvec": [
        3,
        5,
        6
    ],
    "coefficients": [
        -2.6321866468253075,
        0.0,
        -23.377155755784216,
        0.0,
        165.4398456851336,
        0.0,
        16.01974905418174,
        -54.21977124853902,
        0.0,
        1200.1347210062397,
        0.0,
        -22155.79697126907,
        0.0,
        253549.3128287101,
        -97.5118127857163,
        0.0,
        9628.679907711712,
        0.0,
        -241160.48289340062,
        0.0,
        2550143.248199508,
        2479.223956618226,
        0.0,
        -298834.53133075824,
        0.0,
        15961512.315464046,
        0.0,
        -245254442.8047471,
        6264.801736492756,
        0.0,
        -740438.32813348,
        0.0,
        25211817.229999598,
        0.0,
        -328637429.41244745,
        -157073.56483882765,
        0.0,
        27263698.520285346,
        0.0,
        -1539020504.843791,
        0.0,
        23617708530.103806,
        -0.7668549877807086,
        0.0,
        -25.01310488663833,
        0.0,
        5047.004574927809,
        0.0,
        -58346.6290918205,
        -20.217297119984842,
        0.0,
        4122.163999139439,
        0.0,
        -85266.6376878439,
        0.0,
        581269.514658006,
        1046.4233428073505,
        0.0,
        -48471.26255040146,
        0.0,
        1508929.0402887007,
        0.0,
        -25671552.657656252,
        -10499.395796449966,
        0.0,
        1994942.9414868166,
        0.0,
        -121829419.66409476,
        0.0,
        1808987390.0464823,
        -84795.22655210346,
        0.0,
        8728971.43958749,
        0.0,
        -396620026.36339766,
        0.0,
        6003733042.514502,
        1246059.2441890237,
        0.0,
        -243947920.64275986,
        0.0,
        13444122860.594019,
        0.0,
        -194672514039.17905,
        -2.832007536306044,
        0.0,
        980.8526007066603,
        0.0,
        -34166.407267989656,
        0.0,
        352640.22069745057,
        87.3987949569321,
        0.0,
        -9440.771871649811,
        0.0,
        291160.4455913768,
        0.0,
        -4394512.515737821,
        -1186.022453731,
        0.0,
        -2076.4918992234566,
        0.0,
        -1311642.1530066102,
        0.0,
        51371090.93526882,
        13442.789338356306,
        0.0,
        -3543723.1624096488,
        0.0,
        200925288.11236805,
        0.0,
        -2532196993.4658027,
        189087.53719152487,
        0.0,
        -21958056.899838567,
        0.0,
        1171714047.5035763,
        0.0,
        -18832719004.276638,
        -2428560.0822984967,
        0.0,
        480772305.00805265,
        0.0,
        -24362929599.24715,
        0.0,
        314145468981.7242,
        1.875600094302114,
        0.0,
        -789.0293488362224,
        0.0,
        28240.619551893615,
        0.0,
        -304648.37351469893,
        -33.49318596810426,
        0.0,
        3049.527754419717,
        0.0,
        -176003.90513513965,
        0.0,
        4032301.928772125,
        355.55850660604375,
        0.0,
        28548.290660291103,
        0.0,
        489157.0869580485,
        0.0,
        -33838907.025015585,
        -5433.226484154774,
        0.0,
        1657044.4804550905,
        0.0,
        -73266953.19283472,
        0.0,
        496351719.0559033,
        -115976.28056723655,
        0.0,
        15565917.90239469,
        0.0,
        -895769502.4839693,
        0.0,
        14582397150.508097,
        1334070.657175224,
        0.0,
        -245838340.66384184,
        0.0,
        10599405901.324528,
        0.0,
        -104569731673.80037
    ],
    "R2": 0.9998496640844343,
    "RMS": 0.02856433228463631,
    "RMSN": 0.010290495730220119,
    "Syx": 0.029192482494702222,
    "ybar": -2.4224970102700674,
    "St": 12238.605964001867,
    "Sr": 1.839902032845347,
    "settings": {
        "Nvec": [
            3,
            5,
            6
        ],
        "sym": [
            false,
            false,
            true
        ]
    },
    "DOF": 96
}