{
    "Independent Variable Order": [
        "CL",
        "Cm",
        "pbar"
    ],
    "Nvec": [
        3,
        5,
        6
    ],
    "coefficients": [
        -3.0146841972272305,
        0.0,
        -30.407914387543826,
        0.0,
        411.7008857262561,
        0.0,
        -4050.778505378111,
        -61.519435573284795,
        0.0,
        719.2174043440906,
        0.0,
        -20653.35577671408,
        0.0,
        356134.86832519865,
        -41.02686093301751,
        0.0,
        3018.8654833164333,
        0.0,
        -19711.56818458559,
        0.0,
        1137609.1339675123,
        1041.6280132782003,
        0.0,
        -341510.18612037186,
        0.0,
        23965338.568407428,
        0.0,
        -390527712.3807721,
        1031.051281966337,
        0.0,
        109464.82757078181,
        0.0,
        -221749.91093370965,
        0.0,
        -163661233.44080165,
        -93924.50309840747,
        0.0,
        35462096.83870541,
        0.0,
        -2359865110.433981,
        0.0,
        37464597217.44629,
        -2.6060209927012914,
        0.0,
        -153.97744654130457,
        0.0,
        6920.303436562441,
        0.0,
        -45343.37454487264,
        -29.929529192825246,
        0.0,
        -519.4522204490188,
        0.0,
        206911.9919802241,
        0.0,
        -3259658.6990716276,
        -238.49647314002453,
        0.0,
        58501.43174560258,
        0.0,
        -73403.27987498697,
        0.0,
        -34387019.37203332,
        -7986.110720385738,
        0.0,
        3987860.7002260457,
        0.0,
        -247153509.34489962,
        0.0,
        3536116348.7956147,
        13384.535528348219,
        0.0,
        -32105.379391427836,
        0.0,
        -284869627.0669553,
        0.0,
        7175778079.661281,
        1082930.9058982402,
        0.0,
        -391465961.0215403,
        0.0,
        23105246560.408157,
        0.0,
        -332466469557.5006,
        -6.989587834772104,
        0.0,
        1006.5247716652028,
        0.0,
        -25266.53427383941,
        0.0,
        144920.34035475986,
        24.402808736058994,
        0.0,
        8567.023091234443,
        0.0,
        -442833.2603053952,
        0.0,
        2699458.681967239,
        1640.6042056285125,
        0.0,
        -145208.18249021904,
        0.0,
        -4103426.7189507512,
        0.0,
        169543401.5458267,
        24080.79858435408,
        0.0,
        -9105257.00343631,
        0.0,
        459292790.5089691,
        0.0,
        -5254387542.125076,
        -41435.37032304851,
        0.0,
        -9618994.311334245,
        0.0,
        1459439554.8043253,
        0.0,
        -30525461014.371284,
        -2700148.4063470396,
        0.0,
        835543946.0655751,
        0.0,
        -42456074513.89336,
        0.0,
        513654504662.5651,
        4.719462587586386,
        0.0,
        -673.8452884448585,
        0.0,
        16560.263149033308,
        0.0,
        -92487.31620704902,
        33.41850183091862,
        0.0,
        -8411.251100411931,
        0.0,
        139798.38226344992,
        0.0,
        2994412.377729004,
        -1154.790169723307,
        0.0,
        51452.64874432509,
        0.0,
        5785904.721826106,
        0.0,
        -160239690.8436,
        -17882.84119008008,
        0.0,
        4953297.896458679,
        0.0,
        -177928338.2412679,
        0.0,
        871429958.971917,
        19414.45797334967,
        0.0,
        12739103.000257118,
        0.0,
        -1383512920.6286159,
        0.0,
        26819192860.81937,
        1731055.3167997673,
        0.0,
        -436741402.7048495,
        0.0,
        17108367738.593649,
        0.0,
        -122518603898.99998
    ],
    "R2": 0.9997094917402317,
    "RMS": 0.056318145040142834,
    "RMSN": 0.011808276345151332,
    "Syx": 0.05755662155291313,
    "ybar": -4.575782085611077,
    "St": 24619.812736909258,
    "Sr": 7.152258954019584,
    "settings": {
        "Nvec": [
            3,
            5,
            6
        ],
        "sym": [
            false,
            false,
            true
        ]
    },
    "DOF": 96
}