{
    "Independent Variable Order": [
        "CL",
        "Cm",
        "pbar"
    ],
    "Nvec": [
        3,
        5,
        6
    ],
    "coefficients": [
        -3.1378033249127095,
        0.0,
        -58.61174177183511,
        0.0,
        1638.491797906547,
        0.0,
        -20233.123928028665,
        -68.38089180256026,
        0.0,
        2157.2274489292186,
        0.0,
        -116136.30262049664,
        0.0,
        1754545.1450128336,
        -29.352158949271562,
        0.0,
        5905.7250344769645,
        0.0,
        -349010.5067751593,
        0.0,
        7075731.083348918,
        577.7332683096232,
        0.0,
        -659748.880682064,
        0.0,
        44515881.70821074,
        0.0,
        -683636456.2148237,
        -1654.27298229651,
        0.0,
        332041.4730962689,
        0.0,
        4049830.705098654,
        0.0,
        -415285380.30584,
        -69941.47639243673,
        0.0,
        51361932.650903136,
        0.0,
        -3423537839.7996154,
        0.0,
        51759284129.768684,
        -6.725931063199436,
        0.0,
        297.59368799075077,
        0.0,
        -16814.706473187434,
        0.0,
        294443.40970856225,
        -5.021011899006696,
        0.0,
        -18745.991837631555,
        0.0,
        1199452.6593477798,
        0.0,
        -16265335.255857697,
        -517.6196433586028,
        0.0,
        -81484.49671372867,
        0.0,
        11493813.520303879,
        0.0,
        -242344016.741084,
        -11278.340401332187,
        0.0,
        7593427.860909675,
        0.0,
        -418490218.6189178,
        0.0,
        5144628727.226752,
        48354.50845900172,
        0.0,
        7936340.899990883,
        0.0,
        -1215518357.04801,
        0.0,
        26109663829.18142,
        1080955.3439808954,
        0.0,
        -525210811.8401141,
        0.0,
        27010306698.04246,
        0.0,
        -302773996114.79224,
        -3.80211199390456,
        0.0,
        -604.7279441164632,
        0.0,
        60105.54441887356,
        0.0,
        -1083200.1361456385,
        -48.177529996715386,
        0.0,
        44302.94968924827,
        0.0,
        -2246050.97292015,
        0.0,
        23492349.502352033,
        1580.0175462526795,
        0.0,
        490556.6809137055,
        0.0,
        -50291262.95237059,
        0.0,
        938208870.3093048,
        37239.702745083385,
        0.0,
        -15608493.844291694,
        0.0,
        640603043.3884532,
        0.0,
        -4658189791.078825,
        -87667.55859360949,
        0.0,
        -53430167.9758778,
        0.0,
        5212580983.307916,
        0.0,
        -97162343012.67812,
        -2822279.5763016376,
        0.0,
        949543084.6471761,
        0.0,
        -32102316511.889378,
        0.0,
        81172241061.39413,
        2.9523381109029607,
        0.0,
        548.819101627466,
        0.0,
        -51795.032056031654,
        0.0,
        898017.2030496176,
        70.54496399966355,
        0.0,
        -24320.6401013884,
        0.0,
        831851.8331692275,
        0.0,
        -2855772.361052455,
        -742.4970349138019,
        0.0,
        -509468.4962598747,
        0.0,
        44063182.80149293,
        0.0,
        -767064289.0220565,
        -26392.648822785697,
        0.0,
        7257200.6686089765,
        0.0,
        -142122819.07471362,
        0.0,
        -2088940202.3403542,
        24960.165426683372,
        0.0,
        52348097.93151482,
        0.0,
        -4375154364.531026,
        0.0,
        76261197401.48708,
        1752019.7237192772,
        0.0,
        -372001666.27127284,
        0.0,
        -312261995.92599475,
        0.0,
        332562549283.9889
    ],
    "R2": 0.999647196618661,
    "RMS": 0.07979646777293421,
    "RMSN": 0.011901286531848602,
    "Syx": 0.081551249487928,
    "ybar": -6.562043256372528,
    "St": 40698.756718778044,
    "Sr": 14.358658986678272,
    "settings": {
        "Nvec": [
            3,
            5,
            6
        ],
        "sym": [
            false,
            false,
            true
        ]
    },
    "DOF": 96
}