{
    "Independent Variable Order": [
        "CL",
        "Cm",
        "pbar"
    ],
    "Nvec": [
        3,
        7,
        8
    ],
    "coefficients": [
        -3.654240943669787,
        0.0,
        -20.85860924932488,
        0.0,
        -4449.255193313778,
        0.0,
        218502.163103778,
        0.0,
        -2556839.090587319,
        -67.84612258495653,
        0.0,
        -13301.545334659268,
        0.0,
        2265925.5423645983,
        0.0,
        -95599651.13936727,
        0.0,
        1186784346.7252936,
        -69.88370660420097,
        0.0,
        -147357.6419026577,
        0.0,
        24049271.93014728,
        0.0,
        -1040176386.5951674,
        0.0,
        13056159642.044558,
        -10035.41539426769,
        0.0,
        13591844.10948231,
        0.0,
        -1954391792.3840308,
        0.0,
        78355493804.0121,
        0.0,
        -945621468916.5243,
        -14618.506005609395,
        0.0,
        55421220.57996302,
        0.0,
        -8353201241.28464,
        0.0,
        354764694320.102,
        0.0,
        -4469307136782.538,
        1643556.982552186,
        0.0,
        -2650671706.2474627,
        0.0,
        380284267779.078,
        0.0,
        -15188518518051.943,
        0.0,
        182500745329275.97,
        1978369.688169474,
        0.0,
        -4123046125.2650375,
        0.0,
        602574022950.5576,
        0.0,
        -25354071835283.137,
        0.0,
        319509347178023.2,
        -71904387.70164971,
        0.0,
        141902132143.9244,
        0.0,
        -20687210262655.324,
        0.0,
        830187016660084.8,
        0.0,
        -9985142963407806.0,
        -14.247806103622668,
        0.0,
        2263.757266001092,
        0.0,
        -157170.20061739307,
        0.0,
        5027052.728557585,
        0.0,
        -61791580.70978514,
        70.04789844168842,
        0.0,
        -20892.2936349689,
        0.0,
        -584872.7399248376,
        0.0,
        40162461.90265614,
        0.0,
        -373701463.998435,
        3526.4493907512797,
        0.0,
        -1002477.8286111902,
        0.0,
        61254247.717537925,
        0.0,
        -2125227447.6469076,
        0.0,
        31960051789.306675,
        -51426.68779992399,
        0.0,
        3479842.417387526,
        0.0,
        1356497130.6829462,
        0.0,
        -52789084007.58087,
        0.0,
        422587410759.23694,
        -470905.19878873526,
        0.0,
        42085704.20299272,
        0.0,
        1705233760.2903595,
        0.0,
        -16395451860.60293,
        0.0,
        -1600512528347.0337,
        14893344.218888642,
        0.0,
        -1461154644.3858778,
        0.0,
        -237508388743.91922,
        0.0,
        10352648266898.404,
        0.0,
        -85158576295879.73,
        19552228.599695776,
        0.0,
        1118948158.2257612,
        0.0,
        -392031796438.7911,
        0.0,
        10629820254826.014,
        0.0,
        -24472495275523.695,
        -1054450012.8390269,
        0.0,
        129969080476.5135,
        0.0,
        11343221100106.219,
        0.0,
        -573320860460396.2,
        0.0,
        4998318798032619.0,
        13.063144606436685,
        0.0,
        -5432.743853939628,
        0.0,
        359369.2801158521,
        0.0,
        -11118287.577680983,
        0.0,
        135949404.69014496,
        -94.04346573979515,
        0.0,
        61488.31696715858,
        0.0,
        -4971283.493287782,
        0.0,
        209012367.98075294,
        0.0,
        -2889359405.684367,
        -7339.634053238473,
        0.0,
        1975583.2806830092,
        0.0,
        -118076604.7775231,
        0.0,
        4766358050.24347,
        0.0,
        -77296443822.6687,
        115117.47488701055,
        0.0,
        -34007984.85903147,
        0.0,
        899070914.1118714,
        0.0,
        -33256836535.516983,
        0.0,
        756347532274.1885,
        780179.0853349213,
        0.0,
        -27653535.26828872,
        0.0,
        -2923927081.6126328,
        0.0,
        -226371254727.34363,
        0.0,
        8207973483286.182,
        -34499678.723584525,
        0.0,
        6807653607.465278,
        0.0,
        103350728404.96523,
        0.0,
        -9019587566562.584,
        0.0,
        54719606655081.67,
        -29183042.24964021,
        0.0,
        -3190850864.1526394,
        0.0,
        390631081714.3031,
        0.0,
        7664496227713.0205,
        0.0,
        -398222680020097.8,
        2383126490.665826,
        0.0,
        -384058981971.37555,
        0.0,
        -16727179402620.572,
        0.0,
        1115226238574772.8,
        0.0,
        -1.1215678157678714e+16,
        -7.6875679149852045,
        0.0,
        3007.176417040652,
        0.0,
        -181985.6010307781,
        0.0,
        5460397.188285532,
        0.0,
        -67281307.91704716,
        20.498181232723713,
        0.0,
        -46965.371512751975,
        0.0,
        6270341.918475474,
        0.0,
        -275526347.6914899,
        0.0,
        3584261189.1673837,
        3227.548683881347,
        0.0,
        -460236.598339541,
        0.0,
        -688482.4191731644,
        0.0,
        -464546455.9469811,
        0.0,
        19016442519.00778,
        -69138.22541680092,
        0.0,
        32001740.56555732,
        0.0,
        -2147635786.436713,
        0.0,
        80950259711.99446,
        0.0,
        -1145112538641.2534,
        -146711.9761884199,
        0.0,
        -147765782.11482888,
        0.0,
        17709700336.95176,
        0.0,
        -410824615258.1144,
        0.0,
        1489090245241.019,
        21106702.50164711,
        0.0,
        -5067437972.526878,
        0.0,
        32283759877.253555,
        0.0,
        2735025056379.974,
        0.0,
        -11003444462336.795,
        -532840.6742479976,
        0.0,
        10813884426.774912,
        0.0,
        -1112489450152.4265,
        0.0,
        26501801955572.504,
        0.0,
        -137258592072410.9,
        -1423949256.9408267,
        0.0,
        221730801153.32996,
        0.0,
        13516163549433.684,
        0.0,
        -865105458029152.8,
        0.0,
        9650638037001774.0
    ],
    "R2": 0.9986814427804918,
    "RMS": 0.18069239650711122,
    "RMSN": 0.022056366351535222,
    "Syx": 0.18746540627331562,
    "ybar": -8.083227767720548,
    "St": 55837.674293779666,
    "Sr": 73.6251685606144,
    "settings": {
        "Nvec": [
            3,
            7,
            8
        ],
        "sym": [
            false,
            false,
            true
        ]
    },
    "DOF": 160
}