{
    "Independent Variable Order": [
        "CL",
        "Cm",
        "pbar"
    ],
    "Nvec": [
        3,
        2,
        3
    ],
    "coefficients": [
        0.0,
        -21.139602754343404,
        0.0,
        -57.53392103845504,
        0.0,
        -4.0647255204851085,
        0.0,
        654.1872635193288,
        0.0,
        -71.17943319103446,
        0.0,
        6290.705155001335,
        0.0,
        6.048786888714927,
        0.0,
        20.633569104988457,
        0.0,
        -154.44924257222567,
        0.0,
        4777.298977258571,
        0.0,
        -28.905521369720546,
        0.0,
        5325.732570088489,
        0.0,
        -53.789940713931905,
        0.0,
        1000.6085510619582,
        0.0,
        264.69205280297444,
        0.0,
        -10228.31098486552,
        0.0,
        5764.927556822827,
        0.0,
        -192482.77914446837,
        0.0,
        42.25467735312852,
        0.0,
        -909.7246182749443,
        0.0,
        0.07303104316087453,
        0.0,
        2839.970389981805,
        0.0,
        -5433.662162290216,
        0.0,
        177749.5949368265
    ],
    "R2": 0.9996236115339371,
    "RMS": 0.053417585589706607,
    "RMSN": 0.022457724956318675,
    "Syx": 0.05370413705427577,
    "ybar": -4.718051269304331e-06,
    "St": 17095.37960230836,
    "Sr": 6.434503705276837,
    "settings": {
        "Nvec": [
            3,
            2,
            3
        ],
        "sym": [
            false,
            false,
            true
        ]
    },
    "DOF": 24
}