{
    "Independent Variable Order": [
        "CL",
        "Cm",
        "pbar"
    ],
    "Nvec": [
        3,
        2,
        3
    ],
    "coefficients": [
        0.0,
        -37.276198678464496,
        0.0,
        -8.029890783078356,
        0.0,
        -19.510581191299227,
        0.0,
        931.8036109091364,
        0.0,
        20.10546520544971,
        0.0,
        9271.592484843079,
        0.0,
        -4.119058532554866,
        0.0,
        227.62379067569995,
        0.0,
        -163.3775403606056,
        0.0,
        6666.156824161785,
        0.0,
        1357.6986057210536,
        0.0,
        -35195.136297589306,
        0.0,
        -39.28404317688692,
        0.0,
        874.4648565180432,
        0.0,
        584.3810655086892,
        0.0,
        -18492.132868720906,
        0.0,
        3909.406877851152,
        0.0,
        -163961.96052613072,
        0.0,
        40.97901926841089,
        0.0,
        -1039.8848656870969,
        0.0,
        -221.46170476120648,
        0.0,
        7555.752231878761,
        0.0,
        -5061.526470987356,
        0.0,
        186680.50569178318
    ],
    "R2": 0.9997078241098324,
    "RMS": 0.07607119911281515,
    "RMSN": 0.019689573926716452,
    "Syx": 0.0764792728450265,
    "ybar": -4.018669569145845e-06,
    "St": 44662.46558443663,
    "Sr": 13.049295639210838,
    "settings": {
        "Nvec": [
            3,
            2,
            3
        ],
        "sym": [
            false,
            false,
            true
        ]
    },
    "DOF": 24
}