{
    "Independent Variable Order": [
        "CL",
        "Cm",
        "pbar"
    ],
    "Nvec": [
        3,
        2,
        3
    ],
    "coefficients": [
        0.0,
        -49.28327766212144,
        0.0,
        97.88328246816687,
        0.0,
        -50.439120542116335,
        0.0,
        1055.8183968757871,
        0.0,
        408.0969978506961,
        0.0,
        -86.94034025032197,
        0.0,
        -15.648603487210666,
        0.0,
        389.95268424670604,
        0.0,
        116.49175955318421,
        0.0,
        800.9959101054743,
        0.0,
        1976.4003847663712,
        0.0,
        -62884.55281891257,
        0.0,
        17.384785087655874,
        0.0,
        -249.97635190165096,
        0.0,
        374.01203536064156,
        0.0,
        -13227.526547946485,
        0.0,
        -1555.5513713716518,
        0.0,
        16514.880075058474,
        0.0,
        4.3536393010959475,
        0.0,
        -279.195410381357,
        0.0,
        -259.020632145047,
        0.0,
        8530.78692245379,
        0.0,
        -893.6120618208573,
        0.0,
        47036.62095783691
    ],
    "R2": 0.9998525327044312,
    "RMS": 0.06574049813941298,
    "RMSN": 0.01398555946457576,
    "Syx": 0.06609315421353898,
    "ybar": -4.873258968539755e-06,
    "St": 66087.11777773438,
    "Sr": 9.745688530618953,
    "settings": {
        "Nvec": [
            3,
            2,
            3
        ],
        "sym": [
            false,
            false,
            true
        ]
    },
    "DOF": 24
}