{
    "Independent Variable Order": [
        "CL",
        "Cm",
        "pbar"
    ],
    "Nvec": [
        5,
        5,
        6
    ],
    "coefficients": [
        -1.7068334797592863,
        -58.12826063914383,
        14.259753315035134,
        681.0505763458877,
        1832.782905590237,
        2093.71310243136,
        -60224.5309632346,
        -14.59355403409076,
        -96.32300767343293,
        79.9111282060011,
        7844.304042194359,
        2365.252678529309,
        -304947.41207945364,
        258223.21880651955,
        -385.26726490351194,
        1587.2517673071566,
        2580.304189973601,
        -47855.199806374614,
        -38569.79289196499,
        1922435.1767244507,
        6544952.0428261515,
        -819.8411496384762,
        -10294.002122048883,
        314761.3029867846,
        -874281.8694451329,
        -19704542.774531055,
        6413785.495612687,
        542684591.672197,
        -2440.238573965708,
        -79666.05635430323,
        -631143.1651200537,
        5810341.050987922,
        16432773.738713583,
        -63742346.02836723,
        -875309263.8052064,
        -94434.17816785093,
        2291784.472358487,
        -26960168.041618474,
        -9079020.377858497,
        2306248425.479856,
        -1932468962.7642667,
        -32252737255.78054,
        30.508558012854554,
        -9.251635978564055,
        -255.36878855972742,
        -4355.748300350553,
        -32740.720534968415,
        -109573.40948517267,
        1076331.7276068223,
        265.0131488273419,
        602.1886147673971,
        -3534.0724006413734,
        -133536.39266742472,
        109131.7622191563,
        5551659.127266068,
        -7274669.110598969,
        6884.168294703929,
        -3941.9844941086494,
        -45705.44810355752,
        -74399.67813437403,
        675870.4094544267,
        -24388521.555039916,
        -116912239.09801711,
        12894.04005424983,
        166420.8576610519,
        -4747460.4264907595,
        21284550.036985513,
        289102904.96146035,
        -276025425.87135965,
        -8591715749.53935,
        43838.299353103335,
        1107566.2241444082,
        11231317.697797142,
        -109984057.41462444,
        -292202641.2935797,
        1317407832.4340081,
        15637970937.54947,
        1827470.5387138159,
        -36915169.02685754,
        412580679.58341706,
        -658679405.058802,
        -36244173065.72577,
        53578969485.51656,
        489057351949.92596,
        -171.61815857670945,
        8.953626037873748,
        1439.4346778459346,
        24566.95995205662,
        184113.5090593125,
        623902.3628762643,
        -6055179.173635156,
        -1549.2722057920246,
        2662.011144077991,
        49621.55452078508,
        380864.5318113923,
        -2753264.026549533,
        -24731155.41805102,
        78485567.26287733,
        -38709.98326664089,
        20067.550945129395,
        255969.76334850644,
        976160.5438495021,
        -3807117.546019606,
        116460617.3414489,
        658547132.6026762,
        -48033.727155040506,
        -1803181.0706194285,
        14337563.324725993,
        -38588445.92986742,
        -736851442.2256277,
        -245265488.5892375,
        32709729503.82168,
        -247736.17613686598,
        -5540253.264510128,
        -63044761.452648886,
        485910101.3903155,
        1642250827.4845057,
        -3619804118.7757573,
        -88009948852.03806,
        -12216389.595828472,
        259297626.2308927,
        -1344526584.1681473,
        -1798084250.1229367,
        133659520650.89441,
        -168642433051.4185,
        -1517872177944.8384,
        415.5448575173212,
        234.50748575546777,
        -3491.0315782760745,
        -73260.17730033668,
        -445780.7195589633,
        -1305661.0013302092,
        14665568.474341642,
        3906.2621060680963,
        -12287.230858086383,
        -198991.67683299317,
        -355500.39299189654,
        12339681.923250305,
        48472768.68765933,
        -289668135.50461555,
        93693.31731430364,
        -106359.92514563153,
        -617539.2286784946,
        1577781.5541858277,
        9245005.354904078,
        -350145807.68140227,
        -1596834472.6412568,
        51453.27582991801,
        6266780.443036689,
        -1922801.0170986957,
        -98860265.01548497,
        -575035044.2879366,
        4574332002.092176,
        -37760316880.61012,
        602283.8171576873,
        15358291.807627054,
        152402990.7233776,
        -1298866212.79529,
        -3973604738.8323216,
        11322989736.384129,
        213179190038.82477,
        34704687.539856546,
        -759916503.5349963,
        666118114.0788459,
        17888035520.120052,
        -137311170908.86082,
        125277469155.01889,
        402704948650.43915,
        -451.72353518744706,
        -432.7488447978957,
        3798.0460689294714,
        93926.13411345765,
        484780.9995876414,
        1157675.9864707743,
        -15950425.183147475,
        -4397.84776492021,
        15196.16344609683,
        293395.88973657275,
        145150.8663955564,
        -18961301.5715499,
        -47904793.86041336,
        412319047.0981317,
        -101817.60475583488,
        190995.75092283371,
        669752.2559968969,
        -8646844.226139648,
        -10118875.855239382,
        520384334.0055073,
        1738937374.9245892,
        7467.695636210764,
        -7998060.728253266,
        -29984473.8042703,
        217653008.5759193,
        2933056148.136611,
        -6943819751.679628,
        503354614.62857574,
        -656854.9805804733,
        -21634680.238424595,
        -165485601.95250258,
        1898404566.4456503,
        4319521002.890439,
        -22754530177.024918,
        -231860548510.49124,
        -42736060.74084337,
        911257760.9488248,
        1809120206.099433,
        -26996456082.04594,
        -33053462622.80085,
        -3791771848.200353,
        2764820817966.0854,
        180.70294766947987,
        215.11784656365077,
        -1519.5106975481494,
        -42103.594467301584,
        -194061.62300500215,
        -372466.5233585681,
        6384759.99632362,
        1809.8307501568972,
        -5867.116617412,
        -143085.52383673235,
        -67756.8912298308,
        9436196.20450153,
        19541612.245735485,
        -197455637.216606,
        40720.07548552002,
        -104436.2578502674,
        -267691.14923289424,
        6231813.464078241,
        4092598.4587520906,
        -264196153.6330626,
        -697086266.2923018,
        -24146.679666107644,
        3349935.661333097,
        22701710.57920526,
        -95813035.67354794,
        -1943830566.5054283,
        2807128395.987952,
        13335262820.267662,
        263406.8728971639,
        10895859.347751135,
        66162610.907180555,
        -980580519.8766418,
        -1729635794.2986796,
        13621567926.817749,
        92823344374.10896,
        18767812.82410066,
        -376176029.6165194,
        -1569505947.700062,
        11384423256.44644,
        74103867133.90756,
        823232518.314583,
        -2175516806627.3467
    ],
    "R2": 0.9999312036014956,
    "RMS": 0.048561284327574214,
    "RMSN": 0.009542250145402383,
    "Syx": 0.05152558872913996,
    "ybar": 7.84327832455713e-06,
    "St": 77296.73881553567,
    "Sr": 5.317737246650604,
    "settings": {
        "Nvec": [
            5,
            5,
            6
        ]
    },
    "DOF": 252
}